"Site","drying","length","cum","max","mean","median"
"CPCRW","forced","30 day",0.0286402620769358,6.26642930884015e-05,3.43696211417928e-05,3.49234770247904e-05
