"Site","drying","length","cum","max","mean","median"
"CPCRW","forced","90 day",0.152832100227272,0.000269066989899159,2.46800765861187e-05,2.45183583263399e-07
