"Core","cum","max","mean","median","sd","cv","se","n","Core_assignment","coreID","Site","location","drying","length","replicate"
"13",4.21193630605598e-05,1.31623009564249e-06,1.31623009564249e-06,1.31623009564249e-06,0,0,0,32,"CPCRW_150d_up_CW_r2","C13","CPCRW","upland","constant weight","150 day",2
"26",2.10124730527814e-05,6.77821711380045e-07,6.77821711380045e-07,6.77821711380045e-07,0,0,0,31,"CPCRW_150d_up_CW_r3","C26","CPCRW","upland","constant weight","150 day",3
"28",2.93498102735567e-05,9.46768073340537e-07,9.46768073340537e-07,9.46768073340537e-07,0,0,0,31,"CPCRW_150d_up_CW_r1","C28","CPCRW","upland","constant weight","150 day",1
"4",3.13509043487275e-05,9.79715760897733e-07,9.79715760897733e-07,9.79715760897733e-07,0,0,0,32,"CPCRW_150d_up_CW_r4","C4","CPCRW","upland","constant weight","150 day",4
"55",3.86040248388075e-05,1.20637577621273e-06,1.20637577621273e-06,1.20637577621273e-06,0,0,0,32,"CPCRW_150d_low_CW_r4","C55","CPCRW","lowland","constant weight","150 day",4
"60",0.000297795597314075,9.60630959077661e-06,9.60630959077661e-06,9.60630959077661e-06,0,0,0,31,"CPCRW_150d_low_CW_r1","C60","CPCRW","lowland","constant weight","150 day",1
"62",9.12764595920792e-05,2.94440192232513e-06,2.94440192232513e-06,2.94440192232513e-06,0,0,0,31,"CPCRW_150d_low_CW_r2","C62","CPCRW","lowland","constant weight","150 day",2
"72",5.88505908104754e-05,1.96168636034918e-06,1.96168636034918e-06,1.96168636034918e-06,0,0,0,30,"CPCRW_150d_low_CW_r3","C72","CPCRW","lowland","constant weight","150 day",3
