"Site","drying","length","cum","max","mean","median"
"CPCRW","constant weight","150 day",0.000141086252046233,1.96121488859049e-06,1.14524939373622e-06,1.0221368334482e-06
"CPCRW","forced","30 day",0.00011781467363342,1.42220528379077e-06,9.753655838973e-07,9.50353661462343e-07
"CPCRW","forced","90 day",0.000148774695056575,3.75392599414785e-06,1.56056542811077e-06,1.16958288042419e-06
