"Site","drying","length","cum","max","mean","median"
"CPCRW","constant weight","150 day",7.62949029113828e-05,2.45491366136556e-06,2.45491366136556e-06,2.45491366136556e-06
